2500;2500;267684.2959688443;7041197.425971874;astar;This experiment was conducted in the middle of the fjord
